name,stars,price,city,countryCode,countryName,address,location,url,latitude,longtitude
41 Berangan,2,45,Kuala Lumpur,MY,Malaysia,41 Jalan Berangan,Kuala Lumpur Malaysia,,3.14775,101.709
Adamson Hotel Kuala Lumpur,3,99999,Kuala Lumpur,MY,Malaysia,79 Lorong Haji Hussein 2 Off Jalan Raja Muda Abdul Aziz,Kuala Lumpur Malaysia,,3.16688,101.702
Alamanda Hotel Petaling Street,2,16,Kuala Lumpur,MY,Malaysia,85 Petaling Street,Kuala Lumpur Malaysia,http://alamandahotels.com/,3.14335,101.698
Alexs Homestay Guesthouse Kuala Lumpur,3,99999,Kuala Lumpur,MY,Malaysia,21 Jalan Tanjung 12 Taman Seputeh,Kuala Lumpur Malaysia,http://www.alexguesthouse.com/,3.1136,101.682
Ali Baba Hotel,2,26,Kuala Lumpur,MY,Malaysia,172 Jalan Pudu,Kuala Lumpur Malaysia,http://www.alibaba.com/showroom/kuala-lumpur.html,3.14334,101.708
Alisons Vacation Home at Tivoli Villas,4,99999,Kuala Lumpur,MY,Malaysia,Medang Tanduk Street Bandaraya Hill Bangsar,Kuala Lumpur Malaysia,http://www.search-villas.com/,3.13911,101.66
Alpha Genesis Hotel,3,50,Kuala Lumpur,MY,Malaysia,45 Tengkat Tong Shin Bukit Bintang,Kuala Lumpur Malaysia,http://alphagenesishotel.com/,3.14626,101.708
Amazing Hotel,1,18,Kuala Lumpur,MY,Malaysia,23-1 Jalan Dwitasik 1 Dataran Dwitasik Bandar Sri Permaisuri,Kuala Lumpur Malaysia,,3.09963,101.712
Ampang Point Star Hotel,2,19,Kuala Lumpur,MY,Malaysia,No 18 & 19 Tkt 1 2 3 Jalan Mamanda 5 Ampang Point,Kuala Lumpur Malaysia,,3.15827,101.75
Ancasa Express @Pudu,2,33,Kuala Lumpur,MY,Malaysia,4th Floor Hentian Puduraya Jalan Pudu,Kuala Lumpur Malaysia,http://www.ancasaexpress.com/pudu/,3.14576,101.701
Ancasa Hotel Kuala Lumpur,4,51,Kuala Lumpur,MY,Malaysia,Jalan Tun Tan Cheng Lock,Kuala Lumpur Malaysia,http://ancasa-hotel.com/,3.14456,101.696
Anggun Boutique Hotel,3,70,Kuala Lumpur,MY,Malaysia,7 & 9 Jalan Tengkat Tong Shin (Off Jalan Bukit Bintang City Centre),Kuala Lumpur Malaysia,http://www.anggunkl.com/,3.14549,101.707
Anjung KL Guesthouse Kuala Lumpur,1,18,Kuala Lumpur,MY,Malaysia,4 Tengkat Tong Shin,Kuala Lumpur Malaysia,http://www.anjungkl.com/,3.15394,101.717
Anum Hotel Boutique,3,44,Kuala Lumpur,MY,Malaysia,No.101 A-C Jalan Putra,Kuala Lumpur Malaysia,http://anumhotel.com/,3.16682,101.696
Apple Hotel,2,33,Kuala Lumpur,MY,Malaysia,78 Jalan Alor,Kuala Lumpur Malaysia,http://www.applehotels.com,3.14616,101.709
Ascott Hotel Kuala Lumpur,5,103,Kuala Lumpur,MY,Malaysia,No 9 Jalan Pinang,Kuala Lumpur Malaysia,http://www.the-ascott.com/malaysia/kuala_lumpur/ascott_kuala_lumpur.html,3.1547,101.711
Attapsana Guesthouse,1,99999,Kuala Lumpur,MY,Malaysia,No. 38 1st floor Jalan Berangan Off Jalan Nagasari Bukit Bintang 50200.,Kuala Lumpur Malaysia,http://www.tiaraguesthouse.com.my/location.html,3.14798,101.709
Aura Hotel,3,27,Kuala Lumpur,MY,Malaysia,75A Jalan Changkat,Kuala Lumpur Malaysia,http://aurabukitbintang.com/contact-us,3.14662,101.709
Babylon Guest House,2,22,Kuala Lumpur,MY,Malaysia,Lot 3 Jalan Rembia Off Jalan Tong Shin Bukit Bintang,Kuala Lumpur Malaysia,http://babylonguesthouse.com/home.html,3.14638,101.708
Bandar Tasik Selatan Homestay,1,78,Kuala Lumpur,MY,Malaysia,24 Jalan 14/146 Bandar Tasik Selatan Bukit Jalil,Kuala Lumpur Malaysia,http://homestaynana.blogspot.com/,3.07327,101.713
Batu Caves Budget Hotel,1,99999,Kuala Lumpur,MY,Malaysia,No 562A Jalan Samudra Utara 1 Taman Samudra Batu Caves,Kuala Lumpur Malaysia,http://batucaveshotel.com/,3.23562,101.697
Bayu Tasik Apartment,3,99999,Kuala Lumpur,MY,Malaysia,Jalan Sri Permaisuri 5 Bandar Tasik Sri Permaisuri Cheras,Kuala Lumpur Malaysia,,3.09784,101.719
Beltif Hotel Kuala Lumpur,2,41,Kuala Lumpur,MY,Malaysia,77 Jalan Changkat Thambi Dollah Off Jalan Pudu,Kuala Lumpur Malaysia,http://www.kuala-lumpur.ws/,3.14048,101.711
Berjaya Times Square Hotel Kuala Lumpur - Malaysia,4,69,Kuala Lumpur,MY,Malaysia,1 Jalan Imbi,Kuala Lumpur Malaysia,http://www.berjayahotel.com/kualalumpur/promotions.php,3.1423,101.711
Best View Hotel Sri Hartamas,2,26,Kuala Lumpur,MY,Malaysia,No 4 Jalan 31/70A Desa Sri Hartamas,Kuala Lumpur Malaysia,,3.16293,101.648
BEST WESTERN PREMIER Dua Sentral,4,70,Kuala Lumpur,MY,Malaysia,582 Jalan Tun Sambanthan,Kuala Lumpur Malaysia,,3.13594,101.693
Bestotel - City Centre,3,99999,Kuala Lumpur,MY,Malaysia,368 Jalan Ipoh,Kuala Lumpur Malaysia,http://www.bestotel.com/,3.17853,101.685
Binjai Residency,4.5,99999,Kuala Lumpur,MY,Malaysia,Jalan Binjai,Kuala Lumpur Malaysia,,3.15922,101.717
Bintang Fairlane Residences,4,91,Kuala Lumpur,MY,Malaysia,Jalan Padang Walter Grenier,Kuala Lumpur Malaysia,http://www.fairlane.com.my/,3.14626,101.714
Bintang Garden Hotel,2,99999,Kuala Lumpur,MY,Malaysia,22 & 24 Jalan Bukit Bintang,Kuala Lumpur Malaysia,http://www.bintanggardenhotel.com/,3.14482,101.709
Bintang Warisan Hotel Kuala Lumpur,2,21,Kuala Lumpur,MY,Malaysia,No 68 Jalan Bukit Bintang,Kuala Lumpur Malaysia,http://www.bintangwarisanhotel.com/,3.14541,101.709
Bistari Serviced Apartments Suites,4,105,Kuala Lumpur,MY,Malaysia,1/64D Off Jalan Putra,Kuala Lumpur Malaysia,http://bistarisuites.com/,3.1678,101.694
Boulevard Hotel Kuala Lumpur,4,96,Kuala Lumpur,MY,Malaysia,Mid Valley City Lingkaran Syed Putra,Kuala Lumpur Malaysia,http://www.blvhotel.com,3.11872,101.678
Boutel at Titiwangsa Sentral,2,91,Kuala Lumpur,MY,Malaysia,Titiwangsa Sentral Jalan Cemor Chowkit / Putra WTC,Kuala Lumpur Malaysia,,3.17093,101.697
Brisdale,2,30,Kuala Lumpur,MY,Malaysia,No 65 Jalan Haji Hussein Off Jalan Tuanku Abdul Rahman,Kuala Lumpur Malaysia,http://www.brisdale.com.my/,3.16597,101.7
Budget Inn (No.82-84) Kuala Lumpur,1,99999,Kuala Lumpur,MY,Malaysia,No. 82-84 Jalan Alor,Kuala Lumpur Malaysia,http://budgetinn.com.my/,3.14622,101.709
Carcosa Seri Negara Hotel Kuala Lumpur,5,291,Kuala Lumpur,MY,Malaysia,Taman Tasik Perdana,Kuala Lumpur Malaysia,,3.143,101.685
Cardogan Hotel,2,41,Kuala Lumpur,MY,Malaysia,64 Jalan Bukit Bintang,Kuala Lumpur Malaysia,http://www.cardogan.com/cardo2.htm,3.14552,101.709
Casa Ukhwah at Kuala Lumpur,5,244,Kuala Lumpur,MY,Malaysia,No. 6 Jalan Puncak Kiara Utama Kiara View Sri Hartamas,Kuala Lumpur Malaysia,http://www.timeanddate.com/worldclock/city.html?n=122,3.17223,101.655
Casavilla Travellers Lodge,1.5,18,Kuala Lumpur,MY,Malaysia,No. 24 Jalan Pudu Lama,Kuala Lumpur Malaysia,http://casavilla2u.com/,3.14628,101.702
Chateau@Kuala Lumpur Resort Rawang,3,37,Rawang,MY,Malaysia,44 Jalan Desa 6/7 Bandar Country Homes,Rawang Malaysia,http://www.kualalumpurhotelz.net/kualalumpur-hotel/rawang/,3.33612,101.528
Checkmate Guest House,1,23,Kuala Lumpur,MY,Malaysia,08 Jalan Rembia Off Jalan Tengkat Tong Shin,Kuala Lumpur Malaysia,http://checkmateguesthouse.com/contact.htm,3.1465,101.709
Chill Inn,1,14,Kuala Lumpur,MY,Malaysia,5 Jalan Yap Ah Loy,Kuala Lumpur Malaysia,,3.14694,101.697
Chinatown Boutique Hotel Kuala Lumpur,4,38,Kuala Lumpur,MY,Malaysia,34 ‚Äì 36 Jalan Hang Lekir Off Jalan Sultan,Kuala Lumpur Malaysia,http://www.chinatownboutiquehotel.com/,3.14439,101.696
Cintamani Travellers Lodge Kuala Lumpur,1.5,99999,Kuala Lumpur,MY,Malaysia,37 & 39 Jalan Hang Lekiu,Kuala Lumpur Malaysia,,3.14835,101.698
Citin Hotel Masjid Jamek,3,34,Kuala Lumpur,MY,Malaysia,Lot No 7 Seksyen 33 Jalan Melayu,Kuala Lumpur Malaysia,http://www.citinmj.com/,3.15179,101.696
Citin Hotel Pudu Kuala Lumpur,2,33,Kuala Lumpur,MY,Malaysia,No 38 Jalan Pudu,Kuala Lumpur Malaysia,http://www.citinhotels.com/citin-hotel-pudu-kualalumpur.html,3.14609,101.701
Cititel Express,3,42,Kuala Lumpur,MY,Malaysia,449 Jalan Tuanku Abdul Rahman,Kuala Lumpur Malaysia,http://www.cititelexpress.com/,3.16444,101.699
Cititel Mid Valley,3,70,Kuala Lumpur,MY,Malaysia,Mid Valley City Lingkaran Syed Putra,Kuala Lumpur Malaysia,http://www.cititelmidvalley.com,3.11779,101.678
Citrus Hotel,3,42,Kuala Lumpur,MY,Malaysia,51 Jalan Tiong Nam Off Jalan Raja Laut,Kuala Lumpur Malaysia,http://www.citrushotelkl.com/,3.16328,101.695
City Kuchai Hotel,2,28,Kuala Lumpur,MY,Malaysia,25 Jalan 2/115A Taman Pagar Ruyong Off Jalan Kuchai Lama,Kuala Lumpur Malaysia,http://kualalumpurcity.olx.com.my/hotel-housekeeping-assistant-iid-323267352,3.09173,101.684
City Park Hotel Kuala Lumpur,1,29,Kuala Lumpur,MY,Malaysia,46 Lorong Haji Hussein Satu Off Jalan Raja Muda Abdul Aziz Wilayah Persekutuan,Kuala Lumpur Malaysia,http://www.citypark-kualalumpur.com/,3.16686,101.701
City Villa Kuala Lumpur,3,29,Kuala Lumpur,MY,Malaysia,69 Jalan Haji Hussein Off Jalan Tuanku Abdu,Kuala Lumpur Malaysia,http://www.hotelcityvilla.com/,3.16502,101.699
Classic Inn Kuala Lumpur,1,12,Kuala Lumpur,MY,Malaysia,No 52 Lorong 1/77A Kampung Dollah Off Jalan Pudu Bukit Bintang,Kuala Lumpur Malaysia,http://www.classicinn.com.my/,3.14105,101.71
Clearwater Residence,5,106,Kuala Lumpur,MY,Malaysia,Changkat Semantan Damansara Heights Sri Hartamas,Kuala Lumpur Malaysia,,3.15175,101.671
Comfort Hotel Kuala Lumpur,1,30,Kuala Lumpur,MY,Malaysia,No.233 Jalan Ipoh Batu 1 1/2,Kuala Lumpur Malaysia,http://www.hotelcomfort.biz/html/comfort-inn.htm,3.17304,101.692
Comfort Inn Kuala Lumpur,2,27,Kuala Lumpur,MY,Malaysia,No.65 Cangkat Bukit Bintang,Kuala Lumpur Malaysia,http://www.hotelcomfort.biz/html/comfort-inn.htm,3.14657,101.71
Comfort Lodge Kuala Lumpur,1,21,Kuala Lumpur,MY,Malaysia,No. 52 Tengkat Tong Shin Off Changkat Bukit Bintang,Kuala Lumpur Malaysia,http://www.hotelcomfort.biz/html/comfort-lodge.htm,3.14764,101.708
Concorde Hotel Kuala Lumpur,4,88,Kuala Lumpur,MY,Malaysia,2 Jalan Sultan Ismail,Kuala Lumpur Malaysia,http://kualalumpur.concordehotelsresorts.com/,3.15558,101.705
Concorde Inn Kuala Lumpur International Airport,3,52,Sepang,MY,Malaysia,Jalan Kuala Lumpur International Airport 1/60,Sepang Malaysia,http://sepang.concordehotelsresorts.com/,2.76676,101.694
Corona Inn Kuala Lumpur,3,32,Kuala Lumpur,MY,Malaysia,22 Jalan Tong Shin Off Jalan Bukit Bintang,Kuala Lumpur Malaysia,http://www.coronainn.com.my/,3.14487,101.706
Coronade Hotel,4,67,Kuala Lumpur,MY,Malaysia,Jalan Walter Grenier,Kuala Lumpur Malaysia,http://www.coronade.com/contact.htm,3.14524,101.712
Corus Hotel Kuala Lumpur,4,57,Kuala Lumpur,MY,Malaysia,Jalan Ampang,Kuala Lumpur Malaysia,http://www.corushotelkl.com/,3.15987,101.715
Cottonfields Bangsar - Home Vacation,2,61,Kuala Lumpur,MY,Malaysia,92-1 Jalan Medang Kapas Bukit Bandaraya Bangsar,Kuala Lumpur Malaysia,http://www.cottonfieldsmalaysia.com/,3.14064,101.664
Crown Princess Kuala Lumpur,3,99999,Kuala Lumpur,MY,Malaysia,Jalan Tun Razak,Kuala Lumpur Malaysia,http://www.crownprincess.com.my/,3.16201,101.72
Crown Regency Serviced Suites,3,98,Kuala Lumpur,MY,Malaysia,12 Jalan P Ramlee,Kuala Lumpur Malaysia,http://www.crownregency.com.my/crown/,3.15502,101.709
Cube Hotel Kuala Lumpur,2,26,Kuala Lumpur,MY,Malaysia,180 Jalan Pudu,Kuala Lumpur Malaysia,http://www.kuala-lumpur.ws/,3.14324,101.708
D-Villa Boutique Apartments,3,99999,Kuala Lumpur,MY,Malaysia,225 Jalan Ampang,Kuala Lumpur Malaysia,http://www.holidayvillaapartmentsuiteskl.com/,3.16153,101.729
D-Villa Residence Kuala Lumpur,3,64,Kuala Lumpur,MY,Malaysia,225 Jalan Ampang,Kuala Lumpur Malaysia,,3.16022,101.726
Daffodils Park KL Hotel,2,25,Kuala Lumpur,MY,Malaysia,188 190 192 Jalan Pudu Off Bukit Bintang,Kuala Lumpur Malaysia,http://daffodilsparkhotels.com.my/,3.14313,101.708
Damas Suites and Residences,4,82,Kuala Lumpur,MY,Malaysia,Plaza Damas 3 No.63 Jalan Sri Hartamas 1 Taman Sri Hartamas,Kuala Lumpur Malaysia,http://moveandstay.com/kuala-lumpur-damas-suites-residences-40143-property.php,3.16275,101.656
De First Inn Kuala Lumpur,2,24,Kuala Lumpur,MY,Malaysia,No.2 Jalan Raja Laut,Kuala Lumpur Malaysia,http://www.kuala-lumpur.ws/,3.16171,101.696
De Nice Inn Kuala Lumpur,1,29,Kuala Lumpur,MY,Malaysia,No. 2 Jalan Awan Makmur OUG Square Jalan Klang Lama,Kuala Lumpur Malaysia,http://www.kuala-lumpur.ws/,3.08208,101.669
De Palma Ampang,4,44,Kuala Lumpur,MY,Malaysia,Jalan Selaman 1/2 Palm Square Ampang Point Jalan Ampang,Kuala Lumpur Malaysia,http://depalmahotel.com/,3.15707,101.753
dGarden Hotel,2,17,Kuala Lumpur,MY,Malaysia,No 45 Jalan Jejaka 5 Taman Maluri Cheras,Kuala Lumpur Malaysia,http://dgardenhotel.com/,3.12876,101.73
Doriental Inn Kuala Lumpur,2,25,Kuala Lumpur,MY,Malaysia,82 & 84 Jalan Petaling,Kuala Lumpur Malaysia,http://www.dorientalinn.com/,3.07204,101.694
Dorsett Regency Kuala Lumpur,4,73,Kuala Lumpur,MY,Malaysia,172 Jalan Imbi,Kuala Lumpur Malaysia,http://www.dorsettregency.com/kualalumpur,3.14724,101.716
Doubletree by Hilton Kuala Lumpur,5,87,Kuala Lumpur,MY,Malaysia,The Intermark 182 Jalan Tun Razak,Kuala Lumpur Malaysia,http://doubletree1.hilton.com/en_US/dt/hotel/KULDTDI-Doubletree-by-Hilton-Kuala-Lumpur/index.do,3.1616,101.72
Dragon Inn Premium Hotel,1,23,Kuala Lumpur,MY,Malaysia,14 Jalan Petaling Off Jala Tun Tan Cheng Lock,Kuala Lumpur Malaysia,http://dragoninnhotel-kl.com/,3.14518,101.698
Duta Hotel & Residence,3,62,Kuala Lumpur,MY,Malaysia,B16-6 Putra Majestik No.2A Jalan Kasipillay Off 2 1/2 Miles Jalan Ipoh,Kuala Lumpur Malaysia,http://dutagardenhotel.com/en/hotel/,3.1761,101.684
Duta Vista Executive Suites,3,88,Kuala Lumpur,MY,Malaysia,No 1 Persiaran Ledang Off Jalan Duta,Kuala Lumpur Malaysia,http://dutaresorts.com/serviced_apartment/dutavista/index.aspx,3.151,101.676
Dynasty Hotel Kuala Lumpur,4,54,Kuala Lumpur,MY,Malaysia,218 Jalan Ipoh,Kuala Lumpur Malaysia,http://www.dynastyhotelkl.com/index.php,3.17195,101.692
Eclipse Guesthouse,1,99999,Kuala Lumpur,MY,Malaysia,No. 55 Jalan Sultan,Kuala Lumpur Malaysia,,3.14282,101.698
Eighty-Eight Inn,2,29,Kuala Lumpur,MY,Malaysia,No 2 (1st Floor) Jalan 1/77B off Changkat Thambi Dollah,Kuala Lumpur Malaysia,http://www.88inn.com.my/,3.1408,101.712
EV World Hotel Bukit Bintang,2,24,Kuala Lumpur,MY,Malaysia,184 Jalan Pudu,Kuala Lumpur Malaysia,http://www.bukitbintanghotel.com/BukitBintang/Budget/EvWorldHotelBukitBintang.html,3.14323,101.708
EV World Hotel Puduraya,1,19,Kuala Lumpur,MY,Malaysia,88 Jalan Pudu,Kuala Lumpur Malaysia,http://www.evhotel.com.my/,3.14555,101.703
EV World Hotel Sri Petaling Kuala Lumpur,2,25,Kuala Lumpur,MY,Malaysia,No.83 Jalan Radin Bagus Business Zone Seri Petaling,Kuala Lumpur Malaysia,http://www.hotels-world.pl/b/map/ev-world-sri-petaling.295402.en.htm,3.06921,101.694
Fahrenheit Suites,4,71,Kuala Lumpur,MY,Malaysia,5th Floor Fahrenheit 88 179 Jalan Bukit Bintang,Kuala Lumpur Malaysia,http://fahrenheitsuites.com/,3.1476,101.713
Fairlane Hospitality myHabitat2,5,91,Kuala Lumpur,MY,Malaysia,No.3 Jalan Aman Off Jalan Tun Razak,Kuala Lumpur Malaysia,http://fairlanehospitality.com/properties/myhabitat2,3.16274,101.72
FB Hotel,1,16,Kuala Lumpur,MY,Malaysia,No.2 Jalan Midah Satu,Kuala Lumpur Malaysia,,3.10279,101.733
Federal Hotel,4,59,Kuala Lumpur,MY,Malaysia,35 Jalan Bukit Bintang,Kuala Lumpur Malaysia,http://www.federalkualalumpur.com/,3.14435,101.709
Feel Like Home Guest House,1,11,Kuala Lumpur,MY,Malaysia,82-1 Amber Businesss Plaza 2 Jalan Jelawat 1 off Jalan Cheras,Kuala Lumpur Malaysia,http://www.i2inn-guesthouse.com/,3.11215,101.716
Fernloft KL @ Chinatown,1,99999,Kuala Lumpur,MY,Malaysia,60A Jalan Hang Kasturi,Kuala Lumpur Malaysia,http://www.fernloft.com/kl.html,3.14381,101.696
First Business Inn,2,31,Kuala Lumpur,MY,Malaysia,72 Jln Dato Haji Eusoff Off Jln Ipoh Damai Complex,Kuala Lumpur Malaysia,http://www.firstbusinessinn.com/,3.16993,101.696
Flamingo by the Lake,4,49,Kuala Lumpur,MY,Malaysia,5 Tasik Ampang Jalan Hulu Kelang,Kuala Lumpur Malaysia,http://www.flamingo.com.my/,3.16237,101.751
Flamingo Hotel Downtown Kuala Lumpur,3,99999,Kuala Lumpur,MY,Malaysia,128 Jalan Pudu,Kuala Lumpur Malaysia,http://www.flamingo.com.my/,3.14446,101.706
Flora Home Stay,1,99999,Kuala Lumpur,MY,Malaysia,2 Jalan 2/16 Pandan Perdana,Kuala Lumpur Malaysia,http://www.florahomestay.com/contact-us,3.11598,101.742
Forever Young Guest House,1,99999,Kuala Lumpur,MY,Malaysia,No. 36C Jalan Tengkat Tong Shin,Kuala Lumpur Malaysia,,3.14622,101.708
Frangipani Home Vacation at Bukit Bintang,2,56,Kuala Lumpur,MY,Malaysia,No 40-4 2nd Floor Jalan Sultan Ismail,Kuala Lumpur Malaysia,http://frangipani.com.my/us.php,3.14815,101.712
Fraser Place Hotel Kuala Lumpur,5,111,Kuala Lumpur,MY,Malaysia,Lot 163 No 10 Jalan Perak,Kuala Lumpur Malaysia,http://kualalumpur.frasershospitality.com/,3.1544,101.709
Frenz Hotel,3,42,Kuala Lumpur,MY,Malaysia,135 Jalan Tuanku Abdul Rahman,Kuala Lumpur Malaysia,http://www.frenzhotel.com.my/location.html,3.15379,101.697
Furama Bukit Bintang,4,67,Kuala Lumpur,MY,Malaysia,136 Jalan Changkat Thambi Dollah,Kuala Lumpur Malaysia,http://www.furama.com/bukitbintang,3.14018,101.71
Golden Palace Hotel Kuala Lumpur,3,35,Kuala Lumpur,MY,Malaysia,174 Jalan Pudu 55100,Kuala Lumpur Malaysia,http://www.palaceofthegoldenhorses.com.my/,3.14297,101.708
Grand Millennium Kuala Lumpur,5,108,Kuala Lumpur,MY,Malaysia,160 Jalan Bukit Bintang,Kuala Lumpur Malaysia,,3.148,101.712
Grand Pacific Hotel Kuala Lumpur,2,45,Kuala Lumpur,MY,Malaysia,Jalan Tun Ismail,Kuala Lumpur Malaysia,http://www.grandpacifichotel.com.my/,3.1718,101.692
Grand Seasons Hotel Kuala Lumpur,4,52,Kuala Lumpur,MY,Malaysia,No 72 Jalan Pahang,Kuala Lumpur Malaysia,http://grandseasonshotel.com/,3.16989,101.698
Green Hut Lodge,1,99999,Kuala Lumpur,MY,Malaysia,48 Tengkat Tong Shin,Kuala Lumpur Malaysia,http://www.thegreenhut.com/,3.14667,101.708
GTower Hotel,5,101,Kuala Lumpur,MY,Malaysia,No 199 Jalan Tun Razak,Kuala Lumpur Malaysia,http://gtowerhotel.com/,3.159,101.72
Harta8 Vacation Home at Saville Residences,3,131,Kuala Lumpur,MY,Malaysia,128 Batu 1 Old Klang Road,Kuala Lumpur Malaysia,http://kualalumpurhotelsreservation.com/,3.1113,101.679
Harta8.com Homestay at Angkasa Bukit Bintang,3,131,Kuala Lumpur,MY,Malaysia,No 16 Jalan Sahabat,Kuala Lumpur Malaysia,http://kualalumpurhotelsreservation.com/,3.14685,101.707
Heritage Station Hotel,2,99999,Kuala Lumpur,MY,Malaysia,Bangunan Stesen Keretapi Jalan Sultan Hishamuddin,Kuala Lumpur Malaysia,http://heritagestationhotelmalaysia.blogspot.com/,3.13983,101.693
Hilton Hotel Kuala Lumpur,5,101,Kuala Lumpur,MY,Malaysia,3 Jalan Stesen Sentral,Kuala Lumpur Malaysia,http://www1.hilton.com/en_US/hi/hotel/KULHIHI-Hilton-Kuala-Lumpur-hotel-/index.do,3.13284,101.685
Holiday Apartment at Mutiara Villa Condominium,4,99999,Kuala Lumpur,MY,Malaysia,28 Tengkat Tong Shin Bukit Bintang,Kuala Lumpur Malaysia,,3.14582,101.707
Holiday Inn Kuala Lumpur Glenmarie,5,76,Shah Alam,MY,Malaysia,1 Jalan Usahawan U1/8 Seksyen U1,Shah Alam Malaysia,http://www.holidayinn.com/hotels/us/en/kuala-lumpur/kulhi/hoteldetail,3.09457,101.577
Hollywood Inn,1,12,Kuala Lumpur,MY,Malaysia,No.52 Jalan Tun H.S. Lee,Kuala Lumpur Malaysia,,3.14454,101.697
Home Inn Cheras,2,23,Kuala Lumpur,MY,Malaysia,28-34 Jalan Manis 3 Taman Segar,Kuala Lumpur Malaysia,http://www.swissinnkualalumpur.com/index.html,3.08951,101.744
Home Vacation at Times Square,4,76,Kuala Lumpur,MY,Malaysia,Berjaya Times Square Serviced Suite East Tower No 1 Jalan Imbi Bukit Bintang,Kuala Lumpur Malaysia,,3.14252,101.711
Home-Zone Boutique Guesthouse,1,33,Kuala Lumpur,MY,Malaysia,55 Jalan Beluntas Medan Damansara,Kuala Lumpur Malaysia,,3.13915,101.656
Homestyle Hotel,3,25,Kuala Lumpur,MY,Malaysia,13 Jalan Rembia Off Tengkat Tong Shin,Kuala Lumpur Malaysia,http://www.homestyle-kl.com,3.14641,101.709
Hostel Cosmopolitan,1,15,Kuala Lumpur,MY,Malaysia,No.73 & 75 Jalan Haji Hussein Off Jalan Raja Muda Abdul Aziz,Kuala Lumpur Malaysia,http://www.hostelcosmopolitan.com/,3.16686,101.699
Hotel 128,1,33,Kuala Lumpur,MY,Malaysia,2A Block 5 Jalan Jalil Jaya 6 Jalil Link,Kuala Lumpur Malaysia,http://128.121.100.110/,3.05909,101.673
Hotel A-One,2,22,Kuala Lumpur,MY,Malaysia,17 Jalan Medan Pasar,Kuala Lumpur Malaysia,http://www.a-onehotel.com/,3.1476,101.696
Hotel Ambassador Kuala Lumpur,1,35,Kuala Lumpur,MY,Malaysia,No. 44 Jalan Sultan Ismail Bukit Bintang,Kuala Lumpur Malaysia,http://www.kuala-lumpur.ws/,3.14722,101.711
Hotel Arenaa Mountbatten,3,13,Kuala Lumpur,MY,Malaysia,No 23 Jalan Tun Perak,Kuala Lumpur Malaysia,http://arenaamountbatten.com.my/,3.14773,101.698
Hotel Calibur,2,45,Kuala Lumpur,MY,Malaysia,45-46 Jalan 5/101C Off Jalan Kaskas Cheras Commercial Centre Taman Cheras,Kuala Lumpur Malaysia,,3.10062,101.74
Hotel Capitol Kuala Lumpur,3,60,Kuala Lumpur,MY,Malaysia,Jalan Bulan Off Jalan Bukit Bintang,Kuala Lumpur Malaysia,http://www.hotelcapitol-kualalumpur.com/ppc/,3.14484,101.71
Hotel China Town 2,2,28,Kuala Lumpur,MY,Malaysia,70-72 Jalan Petaling,Kuala Lumpur Malaysia,http://hotelchinatown2.com/,3.14378,101.698
Hotel China Town Inn,2,18,Kuala Lumpur,MY,Malaysia,52-54 Jalan Petaling,Kuala Lumpur Malaysia,http://www.chinatowninn.com/,3.14396,101.698
Hotel City Kuala Lumpur,2,99999,Kuala Lumpur,MY,Malaysia,366 Jalan Raja Laut,Kuala Lumpur Malaysia,http://www.holidaycity.com/kualalumpurhotels/,3.1653,101.696
Hotel D Olive,1,30,Kuala Lumpur,MY,Malaysia,A-7-G A-8-G Merdeka Place Jalan Merdeka Ampang,Kuala Lumpur Malaysia,,3.13952,101.764
Hotel Equatorial Kuala Lumpur,4,96,Kuala Lumpur,MY,Malaysia,Jalan Sultan Ismail,Kuala Lumpur Malaysia,http://www.equatorial.com/kul/,3.15306,101.71
Hotel Fortuna Kuala Lumpur,2,59,Kuala Lumpur,MY,Malaysia,No 87 Jalan Berangan Off Jalan Sultan Ismail,Kuala Lumpur Malaysia,http://www.fortunakl.com/,3.14701,101.711
Hotel Grand Central Kuala Lumpur,2,30,Kuala Lumpur,MY,Malaysia,63 Jalan Putra Jalan Raja Laut,Kuala Lumpur Malaysia,http://grandseasonshotel.com/,3.16696,101.695
Hotel Grand Continental Kuala Lumpur,3,56,Kuala Lumpur,MY,Malaysia,Jalan Belia Jalan Raja Laut,Kuala Lumpur Malaysia,http://grand-continental-hotel.h-rez.com/,3.16209,101.697
Hotel Grand Crescent,1,21,Kuala Lumpur,MY,Malaysia,No 235 Jalan Tun Sambanthan Brickfields,Kuala Lumpur Malaysia,http://grandseasonshotel.com/,3.12897,101.684
Hotel Grand Orchard,1.5,99999,Kuala Lumpur,MY,Malaysia,141 Jalan Bunus Off Jalan Masjid India,Kuala Lumpur Malaysia,,3.15359,101.698
Hotel Istana,5,85,Kuala Lumpur,MY,Malaysia,73 Jalan Raja Chulan,Kuala Lumpur Malaysia,http://www.hotelistana.com.my/,3.14983,101.71
Hotel Kepong,2,24,Kuala Lumpur,MY,Malaysia,No 2 Jalan Kepong Usah 2 Off Batu 6 1/2,Kuala Lumpur Malaysia,,3.20833,101.653
Hotel Maluri Kuala Lumpur,3,55,Kuala Lumpur,MY,Malaysia,No 1 Jalan Permaisuri,Kuala Lumpur Malaysia,http://www.hotelmaluri.com/,3.12843,101.73
Hotel Maya Kuala Lumpur,5,99,Kuala Lumpur,MY,Malaysia,138 Jalan Ampang,Kuala Lumpur Malaysia,http://www.hotelmaya-kualalumpur.com/,3.15864,101.708
Hotel Noble,2,47,Kuala Lumpur,MY,Malaysia,165-169 Jalan Tuanku Abdul Rahman,Kuala Lumpur Malaysia,http://www.hotelnoble.com/,3.15495,101.697
Hotel Nova Kuala Lumpur,3,52,Kuala Lumpur,MY,Malaysia,16-22 Jalan Alor,Kuala Lumpur Malaysia,http://www.novahtl.com/,3.14514,101.708
Hotel Novotel Kuala Lumpur City Centre,4,73,Kuala Lumpur,MY,Malaysia,2 Jalan Kia Peng,Kuala Lumpur Malaysia,http://bs.serving-sys.com/BurstingPipe/adServer.bs?cn=tf&c=20&mc=click&pli=3075172&PluID=0&ord=[timestamp],3.1511,101.713
Hotel Petaling,1,17,Kuala Lumpur,MY,Malaysia,No 121-123 Jalan Petaling Chinatown,Kuala Lumpur Malaysia,,3.14222,101.698
Hotel Putra,3,60,Kuala Lumpur,MY,Malaysia,Lot 149 Seksyen 87 Jalan Tun Razak,Kuala Lumpur Malaysia,http://putra.sunwayhotels.com/,3.17131,101.71
Hotel Rae,2,39,Kuala Lumpur,MY,Malaysia,42 44 & 46 Tengkat Tong Shin Off Jalan Bukit Bintang,Kuala Lumpur Malaysia,http://hotelrae.com/,3.14646,101.708
Hotel Sabrina Kuala Lumpur,1,99999,Kuala Lumpur,MY,Malaysia,No 83 Jalan Bukit Bintang,Kuala Lumpur Malaysia,http://www.federalkualalumpur.com/,3.14548,101.71
Hotel Sahara Inn Batu Caves,1,18,Kuala Lumpur,MY,Malaysia,No. 95 Jalan SBC1 Taman Sri Batu Caves,Kuala Lumpur Malaysia,,3.23486,101.687
Hotel Sahara KL Kuala Lumpur,3,25,Kuala Lumpur,MY,Malaysia,No 506 Jalan Tunku Abdul Rahman,Kuala Lumpur Malaysia,http://www.kl-hotels.com/,3.1517,101.695
Hotel Sempurna Kuala Lumpur,3,29,Kuala Lumpur,MY,Malaysia,173 & 175 Jalan Imbi,Kuala Lumpur Malaysia,http://hotelsempurna.com/,3.14541,101.715
Hotel Sentral Pudu,3,45,Kuala Lumpur,MY,Malaysia,No. 310 Jalan Pudu,Kuala Lumpur Malaysia,http://www.hotelsentral.com.my/,3.13898,101.71
Hotel Sentral,3,37,Kuala Lumpur,MY,Malaysia,30 Jalan Thambypillai,Kuala Lumpur Malaysia,http://www.hotelsentral.com.my/,3.13214,101.688
Hotel Sheraton Imperial Kuala Lumpur,5,112,Kuala Lumpur,MY,Malaysia,Jalan Sultan Ismail,Kuala Lumpur Malaysia,,3.15858,101.7
Hotel Sri Petaling,3,49,Kuala Lumpur,MY,Malaysia,30 Jalan Radin Anum Bandar Baru Sri Petaling,Kuala Lumpur Malaysia,http://www.hotelsripetaling.com.my/,3.06861,101.69
Hotel Star Castle,1,29,Kuala Lumpur,MY,Malaysia,Lot 39 Jalan Tengkat tong Shin Bukit Bintang,Kuala Lumpur Malaysia,,3.14607,101.708
Hotel Starlight,1,27,Kuala Lumpur,MY,Malaysia,No 2 Jalan Tembaga SD 5/2 Kawasan Industri Sri Damansara,Kuala Lumpur Malaysia,,3.20061,101.62
Hotel Summer View,3,42,Kuala Lumpur,MY,Malaysia,165 Jalan Sultan Abdul Samad Off Jalan Tun Sambathan 4 Brickfields,Kuala Lumpur Malaysia,http://hotelsummerview.com/,3.13274,101.69
Hotel Surya Kuala Lumpur,1,27,Kuala Lumpur,MY,Malaysia,No 48 1st Floor Jalan Masjid India Golden Triangle,Kuala Lumpur Malaysia,http://www.kualalumpurhotels.info/,3.15267,101.697
Hotel Tophill,1,30,Kuala Lumpur,MY,Malaysia,No 7 Jalan Persiaran Dagang PJU 9,Kuala Lumpur Malaysia,,3.20431,101.627
Hotel Wenworth,3,99999,Kuala Lumpur,MY,Malaysia,Jalan Yew Off Jalan Pudu,Kuala Lumpur Malaysia,,3.13426,101.717
Hotel Wilayah,1,19,Kuala Lumpur,MY,Malaysia,53-59 Jalan Tiong Nam Off Jalan Raja Laut,Kuala Lumpur Malaysia,,3.16364,101.695
Hotel YY38,2,29,Kuala Lumpur,MY,Malaysia,38 Tengkat Tong Shin Off Jalan Bukit Bintang,Kuala Lumpur Malaysia,http://www.yy38hotel.com.my/,3.1463,101.708
Hotel168,1,99999,Kuala Lumpur,MY,Malaysia,20 Tingkat 1 Jalan Bukit Bintang,Kuala Lumpur Malaysia,,3.14472,101.709
I2inn Guest House,3,18,Kuala Lumpur,MY,Malaysia,No. 12 Jalan Tengkat Tong Shin,Kuala Lumpur Malaysia,http://www.i2inn-guesthouse.com/,3.14559,101.707
Ibiz Hotel,3,25,Kuala Lumpur,MY,Malaysia,No.8 Jalan 65C Off Jalan Pahang Barat Pekeliling Business Center,Kuala Lumpur Malaysia,,3.17605,101.698
Ilham Timur KL Homestay @ Suria Jelatek,3.5,91,Kuala Lumpur,MY,Malaysia,Suria Jelatek Residence Lot 106,Kuala Lumpur Malaysia,http://www.hotelkl.org/,3.16312,101.735
Impiana KLCC Hotel,4,86,Kuala Lumpur,MY,Malaysia,13 Jalan Pinang,Kuala Lumpur Malaysia,http://kualalumpurhotels.impiana.com.my/,3.15401,101.712
InterContinental Kuala Lumpur,5,102,Kuala Lumpur,MY,Malaysia,165 Jalan Ampang,Kuala Lumpur Malaysia,,3.15967,101.718
Iris Garden Hotel,1,39,Kuala Lumpur,MY,Malaysia,No. 89-91 Jalan Bukit Bintang,Kuala Lumpur Malaysia,http://swissgarden.net/,3.14564,101.71
Irsia Bed & Breakfast,1,15,Kuala Lumpur,MY,Malaysia,34 Lorong 1/77A Jalan Changkat Thambi Dollah Off Jalan Pudu,Kuala Lumpur Malaysia,http://www.bedbreakfasttraveler.com/Malaysia-bed-and-breakfasts/Irsia-BnB-(Bed-and-Breakfast)_Kuala-Lumpur.htm,3.14147,101.709
Joyinnhotel.com,1,26,Kuala Lumpur,MY,Malaysia,No.22-1 Jalan Thambipillay Brickfields,Kuala Lumpur Malaysia,,3.13268,101.689
Jw Marriott Hotel Kuala Lumpur,5,157,Kuala Lumpur,MY,Malaysia,183 Jalan Bukit Bintang,Kuala Lumpur Malaysia,http://www.marriott.co.uk/hotels/travel/kuldt-jw-marriott-hotel-kuala-lumpur/,3.14772,101.714
K Hotel,1,43,Kuala Lumpur,MY,Malaysia,142-146 Jalan Tuanku Abdul Rahman,Kuala Lumpur Malaysia,http://www.facebook.com/pages/K-Hotel/163064330421540,3.15501,101.696
KamarSuites at Bukit Bintang,4,122,Kuala Lumpur,MY,Malaysia,No 8 Lorong Ceylon Off Jalan Raja Chulan,Kuala Lumpur Malaysia,http://kamarsuites.com/,3.14892,101.707
Kameleoon Travellers Lodge,1.5,18,Kuala Lumpur,MY,Malaysia,No.60 Jalan Pudu,Kuala Lumpur Malaysia,,3.14564,101.703
Kawana Tourist Inn,1,18,Kuala Lumpur,MY,Malaysia,No.68 Jalan Pudu Lama,Kuala Lumpur Malaysia,,3.1458,101.703
KK Inn Hotel,2,29,Kuala Lumpur,MY,Malaysia,8 Jalan Draivden Bandar Baru Ampang,Kuala Lumpur Malaysia,http://www.classicinn.com.my/,3.14737,101.764
Kl Plaza Suites Kuala Lumpur,3,78,Kuala Lumpur,MY,Malaysia,179 Jalan Bukit Bintang,Kuala Lumpur Malaysia,http://www.kl-hotels.com/berjaya-kl-plaza/,3.14709,101.713
Kuala Lumpur Guest House,1,99999,Kuala Lumpur,MY,Malaysia,19 Tengkat Tong Shin Off Jalan Bukit Bintang,Kuala Lumpur Malaysia,http://www.i2inn-guesthouse.com/,3.14557,101.707
Kuala Lumpur International Hotel,3,52,Kuala Lumpur,MY,Malaysia,Lorong Haji Hussein Off Jalan Raja Muda Abd Aziz,Kuala Lumpur Malaysia,http://www.kl-internationalhotel.com/,3.16695,101.702
Kuala Lumpur Kondominium No.8,3,89,Kuala Lumpur,MY,Malaysia,6 Jalan Ampang Hilir,Kuala Lumpur Malaysia,http://www.kualalumpurproperty.com/,3.16016,101.729
Kuala Lumpur Serviced Apartments,3,115,Kuala Lumpur,MY,Malaysia,64 Jalan Putra Chow Kit,Kuala Lumpur Malaysia,http://www.kualalumpurhotel.my/,3.16826,101.694
Lacomme Inn,3,30,Kuala Lumpur,MY,Malaysia,No 12 Jalan Angsoka Off Jalan Nagasari Bukit Bintang,Kuala Lumpur Malaysia,http://lacommeinn.com.my/about-us/,3.14824,101.709
Lanai Gurney Corporate Suites,3,54,Kuala Lumpur,MY,Malaysia,No.1 Jalan Bukit Keramat Off Jalan Padang Tembak,Kuala Lumpur Malaysia,http://www.lanaigurney.com/,3.1701,101.728
Lanson Place Ambassador Row,4,72,Kuala Lumpur,MY,Malaysia,1 Jalan Ampang Hilir,Kuala Lumpur Malaysia,http://kualalumpur.lansonplace.com/,3.1601,101.729
Le Apple Boutique Hotel,2,39,Kuala Lumpur,MY,Malaysia,No42-3 Jalan Sultan Ismail,Kuala Lumpur Malaysia,http://leapplehotel.com.my/,3.14803,101.712
Le Hotel Chinatown,2,23,Kuala Lumpur,MY,Malaysia,37 Jalan Petaling,Kuala Lumpur Malaysia,http://www.lehotel.com.my/kl/,3.14481,101.698
Le Meridien Kuala Lumpur,5,92,Kuala Lumpur,MY,Malaysia,2 Jalan Stesen Sentral,Kuala Lumpur Malaysia,http://www.lemeridienkualalumpur.com,3.13558,101.686
Leisure Home Stay at Taman Gemilang,1,140,Kuala Lumpur,MY,Malaysia,No. 30 Jalan 6/100A Taman Gemilang,Kuala Lumpur Malaysia,http://www.leisurehomestay.com/location.html,3.09276,101.742
Leisure Home Stay,1,125,Kuala Lumpur,MY,Malaysia,No. 36 Jalan Lemak 2 Taman Segar,Kuala Lumpur Malaysia,http://www.leisurehomestay.com/location.html,3.08781,101.744
Leisure Inn,2,38,Kuala Lumpur,MY,Malaysia,196 Jalan Changkat Thambi Dollah,Kuala Lumpur Malaysia,http://www.leisureinn.com.my/contact.html,3.13975,101.714
Leo Palace Hotel,3,36,Kuala Lumpur,MY,Malaysia,12 Jalan Rahmat Off Jalan Ipoh,Kuala Lumpur Malaysia,http://www.leopalace.com.my/,3.17021,101.693
Looh Residence,3,37,Kuala Lumpur,MY,Malaysia,No 1 Jalan Tanjung Sepat Taman Seputeh,Kuala Lumpur Malaysia,,3.11533,101.687
Lotus Family Hotel,2,36,Kuala Lumpur,MY,Malaysia,No 45 Jalan Melayu,Kuala Lumpur Malaysia,http://www.lotushotel.com.my/,3.15025,101.696
M Design Hotel,1,27,Kuala Lumpur,MY,Malaysia,No 49&50 Persiaran Mpaj Jalan Pandan Utama Pandan Indah,Kuala Lumpur Malaysia,http://hoteldesignmag.com/,3.12758,101.753
Malaya Hotel,3,99999,Kuala Lumpur,MY,Malaysia,Jalan Hang Lekir,Kuala Lumpur Malaysia,http://beritamalaya.com/,3.14454,101.696
Malaysian Gate Suites at Times Square,4,55,Kuala Lumpur,MY,Malaysia,No 1 Jalan Imbi Bukit Bintang,Kuala Lumpur Malaysia,http://timessquarekl.blogspot.com/,3.14265,101.711
Mandarin Court Hotel Kuala Lumpur,2,55,Kuala Lumpur,MY,Malaysia,55 Jalan Maharajalela,Kuala Lumpur Malaysia,http://www.mandarincourthotel.com.my/,3.1373,101.701
Mandarin Oriental Hotel Kuala Lumpur,5,172,Kuala Lumpur,MY,Malaysia,Kuala Lumpur City Centre,Kuala Lumpur Malaysia,http://www.mandarinoriental.com/kualalumpur/,3.15588,101.712
Mandarin Pacific Hotel Kuala Lumpur,3,95,Kuala Lumpur,MY,Malaysia,No 2-8 Jalan Sultan,Kuala Lumpur Malaysia,http://www.mandarinoriental.com/kualalumpur/,3.14266,101.697
Mangga Hotel,3,25,Kuala Lumpur,MY,Malaysia,No. 23 / 24 Jalan Utama SR1/9 Seksyen 9 Serdang Raya,Kuala Lumpur Malaysia,,3.04473,101.705
Matahari Lodge,1,99999,Kuala Lumpur,MY,Malaysia,58-1 Jalan Hang Kasturi,Kuala Lumpur Malaysia,http://mataharilodge.com/,3.14415,101.696
Maytower Kuala Lumpur,4,46,Kuala Lumpur,MY,Malaysia,7 Jalan Munshi Abdullah,Kuala Lumpur Malaysia,,3.15405,101.698
Mayview Glory Hotel Kuala Lumpur,2,26,Kuala Lumpur,MY,Malaysia,100-101 Jalan Pudu Lama,Kuala Lumpur Malaysia,http://www.mayviewglory.com/,3.09796,101.676
Melia Kuala Lumpur,4,73,Kuala Lumpur,MY,Malaysia,16 Jalan Imbi,Kuala Lumpur Malaysia,http://www.solmelia.com/nHoteles/jsp/C_Hotel_Description.jsp?codigoHotel=5702&idLang=en&idPrm=TRIPADV_RO&utm_source=TRIPADV&utm_medium=BL&utm_content=5702MeliaKualaLumpur&utm_campaign=TRIPADV_RO,3.14342,101.71
MiCasa All Suite Hotel,5,107,Kuala Lumpur,MY,Malaysia,368-B Jalan Tun Razak,Kuala Lumpur Malaysia,http://www.micasahotel.com,3.13574,101.719
Midah Hotel,3,36,Kuala Lumpur,MY,Malaysia,No 8 Jalan Kampung Attap,Kuala Lumpur Malaysia,http://midahhotelkl.com/,3.13884,101.697
Mirama Hotel,3,45,Kuala Lumpur,MY,Malaysia,95 Jalan Maharajalela,Kuala Lumpur Malaysia,http://www.miramar.com.sg/,3.13683,101.702
Moon House at Desa Putra Condo,4.5,99999,Kuala Lumpur,MY,Malaysia,B 10-01 Desa Putra Condo No 4 Jln Wangsa Perdana Wangsa Maju,Kuala Lumpur Malaysia,http://desaputra.highrise.my/,3.20027,101.738
My City Hotel,3,20,Kuala Lumpur,MY,Malaysia,118-120 Jalan Petaling,Kuala Lumpur Malaysia,http://myhotelcity.com/,3.14196,101.698
My Home Hotel Kuchai Lama,1,22,Kuala Lumpur,MY,Malaysia,48 Jalan 10/116B Kuchai Enterprenuer Park Jalan Kuchai Lama,Kuala Lumpur Malaysia,http://www.myhomehotel.com.my/,3.08937,101.689
My Home Hotel Setapak,1,24,Kuala Lumpur,MY,Malaysia,66 Jalan Usahawan 7,Kuala Lumpur Malaysia,http://www.myhomehotel.com.my/,3.19765,101.719
My Home Hotel Sri Petaling,2,23,Kuala Lumpur,MY,Malaysia,No. 87 Jalan Radin Bagus Business Zone Sri Petaling,Kuala Lumpur Malaysia,http://www.hotelsripetaling.com.my/,3.0709,101.694
My Home Hotel-Taman Connaught,2,26,Kuala Lumpur,MY,Malaysia,144 Jalan Cerdas Taman Connaught 6 1/2 Mile,Kuala Lumpur Malaysia,http://www.mykualalumpurhotels.com/hotels/my-home-hotel-taman-connaught,3.08146,101.734
My Hotel @ bukit bintang,2,39,Kuala Lumpur,MY,Malaysia,No 120 Jalan Pudu,Kuala Lumpur Malaysia,http://www.bukitbintang-hotels.co/,3.14465,101.706
My Hotel @ Sentral,2,33,Kuala Lumpur,MY,Malaysia,No 1 Jalan Tun Sambanthan 4 Brickfields,Kuala Lumpur Malaysia,http://www.hotelsentral.com.my/,3.12785,101.682
My Hotel at Brickfields,2,29,Kuala Lumpur,MY,Malaysia,No 68 Jalan Padang Belia,Kuala Lumpur Malaysia,http://www.mykualalumpurhotels.com/hotels/my-hotel-brickfields,3.13393,101.691
Nanas Inn,2,36,Kuala Lumpur,MY,Malaysia,30 Jalan Padang Walter Grenier off Jalan Imbi,Kuala Lumpur Malaysia,http://nanasinn.com/,3.14612,101.713
New Wave Dolomite Hotel,1,99999,Kuala Lumpur,MY,Malaysia,3 Jalan SBC2 Taman Sri Batu Caves,Kuala Lumpur Malaysia,,3.23211,101.693
New Wave Hotel Sdn Bhd Medan,1,99999,Kuala Lumpur,MY,Malaysia,No.D-33-1 Medan Selayang,Kuala Lumpur Malaysia,,3.23186,101.706
New Wave Hotel Sdn Bhd Melawati H2,1,99999,Kuala Lumpur,MY,Malaysia,No 284 Jalan Bandar 11 Taman Melawati,Kuala Lumpur Malaysia,,3.20979,101.752
Nomad SuCasa All Suite Hotel,4,56,Kuala Lumpur,MY,Malaysia,222 Jalan Ampang,Kuala Lumpur Malaysia,http://thenomadsucasa.com/,3.1598,101.715
Nouvelle Hotel,3,55,Seri Kembangan,MY,Malaysia,8th KM Kuala Lumpur - Seremban Highway Sungai Besi,Seri Kembangan Malaysia,,3.04846,101.706
Olympic Sports Hotel Kuala Lumpur,3,44,Kuala Lumpur,MY,Malaysia,Jalan Hang Jebat,Kuala Lumpur Malaysia,http://www.olympichotel-kualalumpur.com/,3.14242,101.703
One Inn Hotel,1,26,Kuala Lumpur,MY,Malaysia,139 3rd Mile Jalan Klang Lama,Kuala Lumpur Malaysia,http://www.swissinnkualalumpur.com/index.html,3.10565,101.678
One Residency - Kuala Lumpur,3,211,Kuala Lumpur,MY,Malaysia,No: 1 Jalan Nagasari off Jalan Raja Chulan,Kuala Lumpur Malaysia,,3.14901,101.709
One-Stop Serviced Residence & Office,3,51,Kuala Lumpur,MY,Malaysia,Level 1 Main Lobby Kompleks Metro Pudu Jalan Metro Pudu 2 Fraser Business Park,Kuala Lumpur Malaysia,http://one-stop.com.my/,3.12953,101.714
Oracle Boutique Hotel,2,23,Kuala Lumpur,MY,Malaysia,124 Jalan Radin Bandar Baru Sri Petaling,Kuala Lumpur Malaysia,http://oracleboutiquehotel.com/contact.asp,3.06693,101.691
Orion Design Hotel,3,58,Kuala Lumpur,MY,Malaysia,No.62 Jalan Bukit Raja Off Jalan Taman Seputeh Mid Valley City,Kuala Lumpur Malaysia,,3.12022,101.68
Orkid Inn Pudu,2,23,Kuala Lumpur,MY,Malaysia,258 Jalan Pudu,Kuala Lumpur Malaysia,http://www.hotelorkid-kualalumpur.com/location.php,3.14145,101.71
Orkid Inn Time Square,1,99999,Kuala Lumpur,MY,Malaysia,26 Jalan Kg Dollah Off Jalan Pudu,Kuala Lumpur Malaysia,http://www.hotelorkid-kualalumpur.com/location.php,3.14146,101.71
Owen Hotel,1,27,Kuala Lumpur,MY,Malaysia,7 Jalan Excella Taman Ampang Hilir,Kuala Lumpur Malaysia,http://www.owenhotel.com.my/,3.15096,101.748
Pacific Regency Hotel Suites,5,73,Kuala Lumpur,MY,Malaysia,Menara Panglobal Jalan Punchak Off Jalan P Ramlee,Kuala Lumpur Malaysia,http://www.pacific-regency.com/,3.15371,101.705
Palace Hotel Kuala Lumpur,2,42,Kuala Lumpur,MY,Malaysia,40-46 Jalan Masjid India,Kuala Lumpur Malaysia,http://palacehotel.com.my/,3.15263,101.697
Palmmers Guest House,1,99999,Kuala Lumpur,MY,Malaysia,Lot 40-1 Kasturi Walk,Kuala Lumpur Malaysia,http://palmmerguesthouse.com/,3.14548,101.696
Pan Pacific Kuala Lumpur International Airport,5,139,Sepang,MY,Malaysia,Jalan CTA 4B 64000 KLIA,Sepang Malaysia,http://www2.panpacific.com/en/KLairport/Overview.html,2.75803,101.704
Paradiso Bed & Breakfast,1,25,Kuala Lumpur,MY,Malaysia,118 Jalan Bukit Bintang,Kuala Lumpur Malaysia,http://www.paradiso-kl.com/,3.14664,101.711
Parkroyal Hotel Kuala Lumpur,5,88,Kuala Lumpur,MY,Malaysia,Jalan Sultan Ismail,Kuala Lumpur Malaysia,http://www.parkroyalhotels.com/en/hotels/malaysia/kuala_lumpur/parkroyal/index.html,3.14435,101.712
Parkroyal Serviced Suites Kuala Lumpur,5,97,Kuala Lumpur,MY,Malaysia,No. 1 Jalan Nagasari Off Jalan Raja Chulan,Kuala Lumpur Malaysia,http://www.parkroyalhotels.com/en/servicedsuites/malaysia/kuala_lumpur/parkroyal/index.html,3.14897,101.709
Pavilion Residence,5,551,Kuala Lumpur,MY,Malaysia,Jalan Bukit Bintang,Kuala Lumpur Malaysia,http://www.pavilionkl.com.my/index.html,3.14951,101.713
Pavilion Residences,5,480,Kuala Lumpur,MY,Malaysia,168 Jalan Bukit Bintang,Kuala Lumpur Malaysia,http://www.pavilionkl.com.my/index.html,3.14897,101.713
Pearl International Hotel,4,52,Kuala Lumpur,MY,Malaysia,Batu 5 Jalan Klang Lama,Kuala Lumpur Malaysia,http://www.pearl.com.my/,3.085,101.673
Peninsula Residence All Suite Hotel,4,53,Kuala Lumpur,MY,Malaysia,10 Semantan Jalan Semantan Bukit Damansara,Kuala Lumpur Malaysia,http://www.peninsula-residencekl.com/,3.15058,101.67
Penthouse at Times Square,4,305,Kuala Lumpur,MY,Malaysia,1 Jalan Imbi,Kuala Lumpur Malaysia,http://timessquarekl.com/,3.14272,101.711
Perfect Class Hotel,1,23,Kuala Lumpur,MY,Malaysia,91A Medan Bunus Off Jalan Masjid India,Kuala Lumpur Malaysia,http://www.perfectescapes.com/Luxury_Hotel-PID1451-Kuala_Lumpur_-Ritz-Carlton_Kuala_Lumpur-87349.html,3.15249,101.698
Petaling Street Hotel Kuala Lumpur,1,18,Kuala Lumpur,MY,Malaysia,No. 55 Petaling Street,Kuala Lumpur Malaysia,http://www.kuala-lumpur.ws/klareas/chinatown_petaling.htm,3.14428,101.698
Phoenix Hotel Kuala Lumpur,2,26,Kuala Lumpur,MY,Malaysia,No 57 Jalan Sungai Besi,Kuala Lumpur Malaysia,http://www.phoenixhotel-kl.com/,3.12948,101.712
Piccolo Hotel Kuala Lumpur,4,78,Kuala Lumpur,MY,Malaysia,101 Jalan Bukit Bintang,Kuala Lumpur Malaysia,http://www.piccolohotel.com.my/Home.html?page=index,3.14688,101.712
PNB Darby Park Hotel,4,35,Kuala Lumpur,MY,Malaysia,10 Jalan Binjai,Kuala Lumpur Malaysia,http://www.pnbdarbypark.com/,3.15818,101.719
PODs The Backpackers Home,1,99999,Kuala Lumpur,MY,Malaysia,No.30 Unit 6-1 Jalan Thambipillay,Kuala Lumpur Malaysia,http://podsbackpacker.com/,3.13164,101.688
Pondok Lodge,1,99999,Kuala Lumpur,MY,Malaysia,20-2C Jalan Changkat Raja Chulan,Kuala Lumpur Malaysia,http://pondoklodge.com/,3.14772,101.708
Prescott Inn Kuala Lumpur,3,40,Kuala Lumpur,MY,Malaysia,No 23 Lorong Medan Tuanku Satu Off Jalan Sultan Ismail,Kuala Lumpur Malaysia,http://www.kuala-lumpur.ws/,3.15901,101.697
Prince Hotel And Residence Kuala Lumpur,5,91,Kuala Lumpur,MY,Malaysia,No 4 Jalan Conlay,Kuala Lumpur Malaysia,http://www.princehotelkl.com/,3.15038,101.714
Pullman Kuala Lumpur Bangsar,4.5,99999,Kuala Lumpur,MY,Malaysia,No1 Jalan Pantai Jaya,Kuala Lumpur Malaysia,http://www.pullmankualalumpur.com/,3.11599,101.663
Puteri Ampang Hotel,2,23,Kuala Lumpur,MY,Malaysia,66A Jln Mamanda 9 Ampang Point,Kuala Lumpur Malaysia,http://smk-puteriampang.blogspot.com/,3.15844,101.752
Puteri Park Hotel,3,49,Kuala Lumpur,MY,Malaysia,Jalan Raja Laut,Kuala Lumpur Malaysia,http://puteriparkhotel.com.my/,3.16249,101.696
Quality Hotel City Centre,4,41,Kuala Lumpur,MY,Malaysia,Jalan Raja Laut PO Box 11586,Kuala Lumpur Malaysia,http://www.quality.com.my/,3.15889,101.694
Radius Inn International,3,48,Kuala Lumpur,MY,Malaysia,51A Changkat Bukit Bintang,Kuala Lumpur Malaysia,,3.14789,101.707
Rafee Hotel Kuala Lumpur,1.5,22,Kuala Lumpur,MY,Malaysia,110 & 110A Jalan Raja Laut,Kuala Lumpur Malaysia,,3.16555,101.696
Raintree Hotel,2,24,Kuala Lumpur,MY,Malaysia,16 Level 3A Wisma Menjalara Jalan 7A/62A Bandar Menjalara,Kuala Lumpur Malaysia,,3.19549,101.633
Red Dragon Hostel,1,99999,Kuala Lumpur,MY,Malaysia,No.80 Jalan Sultan,Kuala Lumpur Malaysia,http://www.redpalm-kl.com/location.php?section=3,3.14441,101.699
Reggae Guest House 1,1,10,Kuala Lumpur,MY,Malaysia,156 1st Floor Jalan Tun H S Lee,Kuala Lumpur Malaysia,,3.14457,101.697
Reggae Guest House 2,1,10,Kuala Lumpur,MY,Malaysia,206 1st Floor Jalan Tun H S Lee,Kuala Lumpur Malaysia,,3.14376,101.697
Reggae Mansion Kuala Lumpur,1,11,Kuala Lumpur,MY,Malaysia,49-59 Jalan Tun H.S. Lee Chinatown,Kuala Lumpur Malaysia,http://www.reggaehostelsmalaysia.com/mansion/,3.14807,101.697
Renaissance Kuala Lumpur Hotel,5,103,Kuala Lumpur,MY,Malaysia,Corner of Jalan Sultan Ismail and Jalan Ampang,Kuala Lumpur Malaysia,http://www.marriott.com/KULRN?scid=b661a3c4-9c47-48c8-9e13-75b66089dd79&pid=corptbta,3.15709,101.705
RentNow Kuala Lumpur Serviced Apartments,3,123,Kuala Lumpur,MY,Malaysia,South Block 1st Floor Lobby Jalan 1/64D Off Jalan Putra,Kuala Lumpur Malaysia,http://www.rentnow.my/,3.16757,101.693
Replica Inn - Bukit Bintang,2,36,Kuala Lumpur,MY,Malaysia,Changkat Bukit Bintang,Kuala Lumpur Malaysia,http://www.replicainn.com/,3.14709,101.709
Ribbon Stayyz Bed & Breakfast Guesthouse,1,17,Kuala Lumpur,MY,Malaysia,31-M1 31-1 & 31-2 Jalan Tun Tan Cheng Lock,Kuala Lumpur Malaysia,http://ribbonstayyz.com/,3.14515,101.698
Rosewood Residences - Imbi,2,53,Kuala Lumpur,MY,Malaysia,No 5 Jalan jati Off Jalan Imbi,Kuala Lumpur Malaysia,,3.14662,101.716
Seasons Tower,1,99999,Kuala Lumpur,MY,Malaysia,No. 44 Jalan 1/77B Off Jalan Changkat Thambi Dollah Pudu,Kuala Lumpur Malaysia,http://www.seasonsview.com/local_attractions.htm,3.14215,101.712
Sekeping Tenggiri,1,61,Kuala Lumpur,MY,Malaysia,48 Jalan Tenggiri Taman Weng Lock Bangsar,Kuala Lumpur Malaysia,http://www.tenggiri.com/contact.html,3.12166,101.669
Selesa Inn Hotel,1,35,Kuala Lumpur,MY,Malaysia,285 - 287 Jalan Tuanku Abddul Rahman,Kuala Lumpur Malaysia,http://eziinnhotel.blogspot.com/,3.15918,101.697
Sens Hotel,1,26,Kuala Lumpur,MY,Malaysia,J-0-8 Pusat Perdagangan Kuchai Lama No.2 Jalan 1/127 Off Jalan Kuchai Lama,Kuala Lumpur Malaysia,,3.08484,101.69
Serai Inn,1,14,Kuala Lumpur,MY,Malaysia,62 Jalan Hang Lekiu,Kuala Lumpur Malaysia,http://www.seraiinn.com/,3.14878,101.698
Serenity,1,99999,Kuala Lumpur,MY,Malaysia,20 Jalan Changkat Bukit Bintang,Kuala Lumpur Malaysia,http://www.serenity.com.my/reservations,3.14745,101.708
Seri Cempaka Service Suites Kuala Lumpur,3,56,Kuala Lumpur,MY,Malaysia,Tower 2 MenaraPGRM No 6 Jalan Pudu Ulu Cheras,Kuala Lumpur Malaysia,http://www.mykualalumpurhotels.com/hotels/seri-cempaka-service-suites,3.12268,101.73
Seri Pacific Hotel,4,58,Kuala Lumpur,MY,Malaysia,Jalan Putra PO Box 11468,Kuala Lumpur Malaysia,http://www.seripacifichotel.com/,3.16741,101.692
Service Apartment at Times Square,4,99999,Kuala Lumpur,MY,Malaysia,No. 1 Jalan Imbi,Kuala Lumpur Malaysia,,3.1424,101.711
Shangri La Hotel Kuala Lumpur,5,110,Kuala Lumpur,MY,Malaysia,11 Jalan Sultan Ismail,Kuala Lumpur Malaysia,http://www.shangri-la.com/en/property/kualalumpur/shangrila/reservations/offers,3.15423,101.706
Sky Hotel Bukit Bintang,3,47,Kuala Lumpur,MY,Malaysia,No 1A Jalan Bintang,Kuala Lumpur Malaysia,http://www.skyhotel.com.my/,3.14349,101.708
Sky Hotel Selayang,1,27,Kuala Lumpur,MY,Malaysia,Lot T3.02 3rd Floor Selayang Capitol Complex,Kuala Lumpur Malaysia,http://www.skyhotel.com.my/selayang.html,3.24055,101.648
Smart Hotel Cheras,2,99999,Kuala Lumpur,MY,Malaysia,72A-1 Jalan Dwi Tasik Dataran Dwi Tasik Bandar Sri Permaisuri Cheras,Kuala Lumpur Malaysia,http://www.smarthotel.com.my/cheras.htm,3.10084,101.714
Smart Hotel Kepong,2,22,Kuala Lumpur,MY,Malaysia,99-1 Jalan Rimbunan Raya Taman Laman Rimbunan,Kuala Lumpur Malaysia,http://www.smarthotel.com.my/kepong.htm,3.2097,101.651
Smart Hotel Wangsa Maju,2,25,Kuala Lumpur,MY,Malaysia,6-1 Jalan Metro Wangsa Seksyen 2 Wangsa Maju Setapak,Kuala Lumpur Malaysia,http://www.smarthotel.com.my/wangsamaju.htm,3.2039,101.737
Smile Boutique Hotel Kuala Lumpur,3,30,Kuala Lumpur,MY,Malaysia,1 Jalan Chow Kit off Jalan Tuanku Abdul Rahman,Kuala Lumpur Malaysia,http://www.smileboutiquehotel.com/,3.16633,101.698
Smile Hotel Selayang,1,23,Kuala Lumpur,MY,Malaysia,33 Selayang Point Jalan SP1 Batu Caves,Kuala Lumpur Malaysia,http://www.smilehotel.com.my/,3.2414,101.65
Sohotown Hotel Kuala Lumpur,2,99999,Kuala Lumpur,MY,Malaysia,113 Jalan Sultan,Kuala Lumpur Malaysia,http://www.kuala-lumpur.ws/,3.14519,101.699
Somerset Ampang Kuala Lumpur,4,98,Kuala Lumpur,MY,Malaysia,No 187 Jalan Ampang,Kuala Lumpur Malaysia,http://www.the-ascott.com,3.16029,101.722
Somerset Seri Bukit Ceylon Serviced Apartment Kuala Lumpur,4,88,Kuala Lumpur,MY,Malaysia,No 8 Lorong Ceylon Off Jalan Raja Chulan,Kuala Lumpur Malaysia,,3.14875,101.707
Sri Jati Serviced Apartments Kuala Lumpur,3,99999,Kuala Lumpur,MY,Malaysia,Lot 908 Jati Street Off Imbi Road,Kuala Lumpur Malaysia,http://www.corporate-furnished-apartments.com/kuala-lumpur/,3.14695,101.717
Sri Tiara,4,98,Kuala Lumpur,MY,Malaysia,6 Jalan Taman Seputeh,Kuala Lumpur Malaysia,,3.12184,101.683
StarPoints Hotel Kuala Lumpur,3,44,Kuala Lumpur,MY,Malaysia,149 Jalan Masjid India,Kuala Lumpur Malaysia,http://www.starpointshotel.com/,3.154,101.697
Stay Green Inn Hotel,1,99999,Kuala Lumpur,MY,Malaysia,11 Jalan Petaling,Kuala Lumpur Malaysia,http://staygreeninn.blogspot.com/,3.14555,101.697
StayOrange.com Hotel,1,18,Kuala Lumpur,MY,Malaysia,No 16 Jalan Petaling,Kuala Lumpur Malaysia,,3.14514,101.698
Step Inn Guest House,2,12,Kuala Lumpur,MY,Malaysia,No 35 Jalan Pudu Lama,Kuala Lumpur Malaysia,http://stepinnguesthouse.blogspot.com/,3.14631,101.701
Submarine Guest House,1,99999,Kuala Lumpur,MY,Malaysia,No 9 Level 2 Lebuh Pudu Chinatown,Kuala Lumpur Malaysia,http://www.tiaraguesthouse.com.my/contact.php,3.1458,101.696
Swiss Hotel Kuala Lumpur,2,27,Kuala Lumpur,MY,Malaysia,No. 12 Jalan Tuanku Abdul Rahman,Kuala Lumpur Malaysia,http://www.swissgarden.com/hotels/sghkl/,3.15167,101.695
Swiss Inn Kuala Lumpur,3,34,Kuala Lumpur,MY,Malaysia,62 Jalan Sultan,Kuala Lumpur Malaysia,http://www.swissinnkualalumpur.com/,3.14401,101.699
Swiss-Garden Hotel,4,70,Kuala Lumpur,MY,Malaysia,117 Jalan Pudu,Kuala Lumpur Malaysia,,3.14425,101.706
Swiss-Garden Residences Kuala Lumpur,4,90,Kuala Lumpur,MY,Malaysia,117 Jalan Pudu,Kuala Lumpur Malaysia,,3.14448,101.706
T-Hotel Kuala Lumpur,2.5,24,Kuala Lumpur,MY,Malaysia,No.42 Jalan Bukit Bintang,Kuala Lumpur Malaysia,http://www.kuala-lumpur.ws/,3.14507,101.709
TA Hotel Kuala Lumpur,2,99999,Kuala Lumpur,MY,Malaysia,594-596 Jalan Pudu,Kuala Lumpur Malaysia,http://www.mandarinoriental.com/kualalumpur/,3.13335,101.715
Tang City Hotel,1,99999,Kuala Lumpur,MY,Malaysia,95-97 Jalan Sultan,Kuala Lumpur Malaysia,http://www.tangcityhotel.com.my/,3.14458,101.699
Teratai Homestay at Pandan Mewah,1,62,Kuala Lumpur,MY,Malaysia,Block Mahsuri Puteri Court Condominium Jalan Pandan Mewah Ampang,Kuala Lumpur Malaysia,http://terataihomestay.blogspot.com/2011/05/puteri-court-pandan-mewah-kuala-lumpur.html,3.12153,101.764
The 5 Elements Hotel,3,45,Kuala Lumpur,MY,Malaysia,Lot 243 Jalan Sultan,Kuala Lumpur Malaysia,http://www.the5elementshotel.com/,3.14336,101.699
The Bodhi Lodge,1,14,Kuala Lumpur,MY,Malaysia,26-1 Block N Warisan Cityview Jalan 3/93a Off Batu 2 1/2 Jalan Cheras,Kuala Lumpur Malaysia,http://pondoklodge.com/,3.12704,101.721
The Explorers Guesthouse,1,20,Kuala Lumpur,MY,Malaysia,128 & 130 Jalan Tun H S Lee,Kuala Lumpur Malaysia,http://theexplorersguesthouse.com/,3.14557,101.697
The G City Club Hotel Kuala Lumpur,5,99,Kuala Lumpur,MY,Malaysia,199 Jalan Tun Razak,Kuala Lumpur Malaysia,http://www.kuala-lumpur.ws/,3.15898,101.72
The Gardens Hotel & Residences,5,118,Kuala Lumpur,MY,Malaysia,The Gardens Mid Valley City Lingkaran Syed Putra,Kuala Lumpur Malaysia,http://www.gardenshotelmanchester.com/,3.11783,101.678
The Legend Hotel Kuala Lumpur,5,63,Kuala Lumpur,MY,Malaysia,Putra Place 100 Jalan Putra,Kuala Lumpur Malaysia,http://www.legendsgroup.com/,3.16639,101.693
The Lighthouse Inn,1,28,Kuala Lumpur,MY,Malaysia,No 171 Jalan Ipoh,Kuala Lumpur Malaysia,http://www.lighthousekl.com/,3.17129,101.694
The Malaysia Hotel,1,30,Kuala Lumpur,MY,Malaysia,67-69 Jalan Bukit Bintang,Kuala Lumpur Malaysia,http://www.malaysia.com/,3.14514,101.709
The Maple Suite,3,91,Kuala Lumpur,MY,Malaysia,Menara MapleLee No. 1 Changkat Raja Chulan,Kuala Lumpur Malaysia,http://www.themaplesuite.com/,3.1497,101.705
The Nomad Residences Bangsar Kuala Lumpur,4,122,Kuala Lumpur,MY,Malaysia,136 Jalan Ara Bangsar,Kuala Lumpur Malaysia,http://thenomadresidences.com/location.htm,3.13372,101.663
The Plaza Hotel Kuala Lumpur,3,99999,Kuala Lumpur,MY,Malaysia,Jalan Raja Laut,Kuala Lumpur Malaysia,http://www.plazahotelkl.com/,3.16178,101.696
The Regency Hotel Kuala Lumpur,4,61,Kuala Lumpur,MY,Malaysia,5th Floor No 3 Jalan Raja Alang,Kuala Lumpur Malaysia,http://www.pacific-regency.com/,3.16358,101.699
The Ritz Carlton Hotel Kuala Lumpur,5,155,Kuala Lumpur,MY,Malaysia,168 Jalan Imbi,Kuala Lumpur Malaysia,http://www.ritzcarlton.com/en/Properties/KualaLumpur/Default.htm,3.14692,101.715
The Room Hotel,2,22,Kuala Lumpur,MY,Malaysia,No 80 Jalan Dwitasik,Kuala Lumpur Malaysia,http://www.thesaujana-kualalumpur.com/nv/,3.10157,101.713
The Royale Bintang Kuala Lumpur,4,73,Kuala Lumpur,MY,Malaysia,Jalan Bukit Bintang,Kuala Lumpur Malaysia,http://royalebintanghotel.net/,3.14421,101.709
The Royale Chulan Kuala Lumpur,5,89,Kuala Lumpur,MY,Malaysia,5 Jalan Conlay,Kuala Lumpur Malaysia,http://www.theroyalechulan.com.my/,3.14944,101.717
The Seven Residence,2,23,Kuala Lumpur,MY,Malaysia,No. 6 2nd Floor Jalan Medan Tuanku Golden Triangle,Kuala Lumpur Malaysia,http://www.thecoolhunter.net/article/detail/1491/ytl-residence-kuala-lumpur,3.1587,101.697
The Westin Hotel Kuala Lumpur,5,142,Kuala Lumpur,MY,Malaysia,199 Jalan Bukit Bintang,Kuala Lumpur Malaysia,http://the-westin-kuala-lumpur.h-rez.com/index.htm?lbl=ggl-en,3.14773,101.714
Tiara Guesthouse,1,16,Kuala Lumpur,MY,Malaysia,23 Jalan Mesui Off Jalan Nagasari,Kuala Lumpur Malaysia,http://www.tiaraguesthouse.com.my/location.html,3.14862,101.709
Time Hotel Kuala Lumpur,1,22,Kuala Lumpur,MY,Malaysia,No.23 Jalan Kuchai Maju 2 Off Jalan Kuchai Lama,Kuala Lumpur Malaysia,http://www.timeanddate.com/worldclock/city.html?n=122,3.09143,101.689
Traders Hotel Kuala Lumpur,5,102,Kuala Lumpur,MY,Malaysia,Kuala Lumpur City Centre,Kuala Lumpur Malaysia,http://www.shangri-la.com/en/property/kualalumpur/traders/reservations/offers,3.15992,101.716
Transit Point Bed & Breakfast,1,14,Kuala Lumpur,MY,Malaysia,No 49-1 Jalan Sultan,Kuala Lumpur Malaysia,,3.14271,101.699
Travel Hub,2,99999,Kuala Lumpur,MY,Malaysia,15A-17A Jalan Balai Polis,Kuala Lumpur Malaysia,http://www.travelhubmy.com/,3.14128,101.697
Tropical Guesthouse,1,21,Kuala Lumpur,MY,Malaysia,2 Tengkat Tong Shin,Kuala Lumpur Malaysia,http://www.tropicalguesthousekl.com/,3.14539,101.707
Tune Hotels - Downtown Kuala Lumpur,1,29,Kuala Lumpur,MY,Malaysia,316 Jalan Tuanku Abdul Rahman,Kuala Lumpur Malaysia,http://www.tunehotels.com/,3.16062,101.697
UFO Capsule Hotel,1,99999,Kuala Lumpur,MY,Malaysia,No 30 Lorong 1/77A Kampung Dollah Off Jalan Pudu,Kuala Lumpur Malaysia,http://www.ufocapsule.com/,3.14122,101.71
Uptown Hotel Shamelin,2,26,Kuala Lumpur,MY,Malaysia,No 3 Lorong 6E/91 Taman Shamelin Perkasa,Kuala Lumpur Malaysia,http://gallery.uptownhotel.net/thumbnails.php?album=17,3.1269,101.736
V Garden Hotel,2,15,Kuala Lumpur,MY,Malaysia,21 Jalan Pudu Ulu Off Jalan Cheras,Kuala Lumpur Malaysia,http://vgardenhotel.com/location.htm,3.12115,101.729
V Hotel,1,29,Kuala Lumpur,MY,Malaysia,3 Jalan 8/146 Metro Centre Bandar Tasik Selatan,Kuala Lumpur Malaysia,http://www.agoda.com/asia/malaysia/kuala_lumpur/v_hotel.html,3.0727,101.711
Victory Street Boutique Hotel,2,26,Kuala Lumpur,MY,Malaysia,No : 19 Jalan Kemuning Off Jalan Imbi,Kuala Lumpur Malaysia,http://www.victorystreethotel.com/main/,3.14482,101.718
Villa Samadhi,2,229,Kuala Lumpur,MY,Malaysia,8 Jalan Madge,Kuala Lumpur Malaysia,http://samadhiretreats.com/,3.15767,101.727
Vistana Hotel Kuala Lumpur,4,62,Kuala Lumpur,MY,Malaysia,9 Jalan Lumut Off Jalan Ipoh,Kuala Lumpur Malaysia,http://www.vistanahotels.com/vkl_main.php,3.17164,101.696
Vla Court Hotel,2,27,Kuala Lumpur,MY,Malaysia,194 Jalan Pudu Bukit Bintang,Kuala Lumpur Malaysia,http://vlacourt.com/,3.14308,101.708
VLa Garden Hotel,2,30,Kuala Lumpur,MY,Malaysia,No 170 Jalan Pudu,Kuala Lumpur Malaysia,http://vlacourt.com/,3.14355,101.708
VLa Park Hotel,2,24,Kuala Lumpur,MY,Malaysia,No.49 Jalan Changkat Bukit Bintang Bukit Bintang,Kuala Lumpur Malaysia,http://www.citypark-kualalumpur.com/,3.14717,101.709
Wedgewood Serviced Residences Kuala Lumpur,3,101,Kuala Lumpur,MY,Malaysia,11 Jalan Duta Kiara Bukit Kiara,Kuala Lumpur Malaysia,,3.15952,101.674
Winsin Hotel,2,26,Kuala Lumpur,MY,Malaysia,1-3 Jalan Petaling,Kuala Lumpur Malaysia,http://www.winsinchinatownhotel.com.my/contact.asp,3.1458,101.697
Wira Hotel,2,39,Kuala Lumpur,MY,Malaysia,No 123 Jalan Thamboosamy,Kuala Lumpur Malaysia,http://www.wirahotel.com.my/,3.16604,101.695
Zass Hotel,1,22,Kuala Lumpur,MY,Malaysia,428 Jalan Pudu,Kuala Lumpur Malaysia,http://www.zasshotel.com/,3.13565,101.713
ZON All Suites Residences,4,78,Kuala Lumpur,MY,Malaysia,161D Jalan Ampang,Kuala Lumpur Malaysia,http://www.zonhotel-kualalumpur.com/ppc/,3.15826,101.717
